pitcher_name,ERA,IP,G,GS,year
Sandy Alcantara,3.86,205.0,32,32,2026
Cristopher S\xc3\xa1nchez,2.79,187.1,30,30,2026
Cam Schlittler,1.95,184.2,31,31,2026
Michael Wacha,3.25,182.2,29,29,2026
Jes\xc3\xbas Luzardo,2.87,178.2,29,29,2026
Eduardo Rodr\xc3\xadguez,2.62,178.1,30,30,2026
Tanner Bibee,4.16,177.1,31,31,2026
Michael King,3.03,175.0,30,30,2026
Reid Detmers,3.36,174.0,30,30,2026
Gavin Williams,3.78,174.0,30,30,2026
Parker Messick,2.51,172.1,29,29,2026
Yoshinobu Yamamoto,2.62,172.0,26,26,2026
Logan Gilbert,3.72,172.0,29,29,2026
Jos\xc3\xa9 Soriano,3.56,169.1,30,30,2026
Shane Baz,4.05,169.0,29,29,2026
Nolan McLean,3.24,166.2,29,29,2026
Nick Martinez,2.92,166.1,28,28,2026
Dylan Cease,2.38,166.1,28,28,2026
Noah Cameron,3.84,166.1,29,28,2026
Kevin Gausman,4.6,166.1,30,30,2026
Braxton Ashcraft,3.65,165.1,28,28,2026
Taj Bradley,3.81,165.1,29,29,2026
George Kirby,4.25,165.1,28,28,2026
Cade Cavalli,3.12,164.2,31,31,2026
Seth Lugo,4.99,164.0,30,30,2026
Framber Valdez,4.01,163.2,29,29,2026
Foster Griffin,3.65,162.2,29,29,2026
Shota Imanaga,3.88,162.1,29,29,2026
Bryan Woo,3.89,162.0,28,28,2026
Paul Skenes,3.78,162.0,30,30,2026
MacKenzie Gore,4.62,161.2,31,31,2026
Jacob Misiorowski,1.95,161.1,27,27,2026
Aaron Nola,4.69,161.1,30,30,2026
Sean Burke,3.47,161.0,30,25,2026
Logan Webb,4.31,160.2,27,27,2026
Drew Rasmussen,2.81,160.1,28,28,2026
Michael McGreevy,3.83,160.0,29,29,2026
Freddy Peralta,4.67,158.0,30,30,2026
Trevor Rogers,4.22,157.2,28,28,2026
Chris Sale,2.18,157.0,26,26,2026
Sonny Gray,2.76,156.2,27,27,2026
Robbie Ray,3.57,156.1,29,28,2026
Kyle Bradish,4.12,155.0,29,29,2026
Landen Roupp,4.01,155.0,29,29,2026
Andrew Abbott,4.78,154.1,30,30,2026
Merrill Kelly,4.97,152.0,27,27,2026
Chase Burns,2.8,151.1,28,28,2026
Brady Singer,5.38,150.2,29,29,2026
Jacob deGrom,3.8,149.1,28,28,2026
Bryce Elder,4.11,149.0,26,26,2026
Joey Cantillo,3.89,148.0,31,30,2026
Will Warren,3.89,148.0,30,28,2026
Bubba Chandler,4.28,147.1,29,28,2026
Keider Montero,3.55,147.0,30,24,2026
Tarik Skubal,2.7,146.2,24,24,2026
Andre Pallante,3.45,146.0,26,26,2026
Peter Lambert,3.71,145.2,26,26,2026
Brandon Young,3.65,145.2,26,26,2026
Anthony Kay,4.53,145.0,30,28,2026
Eury P\xc3\xa9rez,3.99,144.1,27,27,2026
Matthew Liberatore,5.53,143.1,29,29,2026
Zack Wheeler,3.14,143.1,25,25,2026
Payton Tolle,3.02,143.0,25,25,2026
Tomoyuki Sugano,5.49,142.2,27,27,2026
Grant Holmes,3.49,141.2,29,28,2026
Walker Buehler,4.61,138.2,29,29,2026
Emerson Hancock,3.57,138.2,25,25,2026
Kumar Rocker,4.54,138.2,28,25,2026
Dustin May,4.49,138.1,28,28,2026
J.T. Ginn,3.71,138.1,27,24,2026
Tyler Mahle,3.91,138.0,25,25,2026
Ranger Suarez,3.33,137.2,26,26,2026
Walbert Ure\xc3\xb1a,2.88,137.1,27,25,2026
Ryan Weathers,3.6,137.1,25,25,2026
David Peterson,5.12,137.0,30,21,2026
Davis Martin,4.05,135.2,26,26,2026
Nathan Eovaldi,4.19,135.1,23,22,2026
Kyle Leahy,3.33,135.0,28,28,2026
Jeffrey Springs,5.93,135.0,27,27,2026
Erick Fedde,3.97,133.2,31,14,2026
Joe Ryan,3.84,133.2,25,25,2026
Justin Wrobleski,3.78,133.1,24,21,2026
Sean Manaea,4.79,133.1,30,16,2026
Colin Rea,4.47,133.0,31,19,2026
Mart\xc3\xadn P\xc3\xa9rez,3.08,131.2,28,24,2026
Randy V\xc3\xa1squez,3.95,130.0,29,22,2026
Luis Castillo,5.67,128.2,27,23,2026
Michael Lorenzen,6.97,125.1,31,25,2026
Kyle Freeland,6.37,124.1,23,23,2026
Casey Mize,3.69,124.1,24,24,2026
Zack Littell,5.21,124.1,26,14,2026
Brandon Pfaadt,3.77,124.0,27,17,2026
Ian Seymour,4.27,122.1,44,14,2026
Roki Sasaki,4.6,119.1,23,23,2026
Rhett Lowder,5.81,119.1,26,23,2026
Zebby Matthews,4.98,119.1,21,21,2026
Tyler Phillips,3.55,119.0,35,18,2026
Shane Drohan,4.35,118.0,29,18,2026
Slade Cecconi,5.03,118.0,26,21,2026
Shane McClanahan,3.36,118.0,24,24,2026
Bailey Ober,4.28,117.2,22,22,2026
Miles Mikolas,5.82,116.0,25,11,2026
Carmen Mlodzinski,3.81,115.2,34,12,2026
Mitch Keller,5.29,115.2,22,22,2026
Andrew Painter,5.54,115.1,23,21,2026
Gerrit Cole,3.67,115.1,20,20,2026
Matthew Boyd,4.16,114.2,20,20,2026
Jacob Lopez,5.02,114.2,25,22,2026
Connor Prielipp,5.24,113.1,22,20,2026
Ryan Feltner,5.88,111.2,23,22,2026
Janson Junk,4.54,111.0,23,22,2026
Max Meyer,2.68,111.0,20,20,2026
Kyle Harrison,3.98,110.2,24,23,2026
Troy Melton,2.52,110.2,19,19,2026
Adrian Houser,4.02,109.2,26,16,2026
Cal Quantrill,2.9,108.2,31,14,2026
Eric Lauer,5.23,108.1,22,18,2026
Bryce Miller,4.19,107.1,20,19,2026
Emmet Sheehan,4.79,107.0,22,22,2026
Spencer Arrighetti,4.99,106.1,22,19,2026
Christian Scott,3.76,105.1,22,22,2026
Jake Bennett,3.69,105.0,18,18,2026
Aaron Civale,4.2,105.0,30,15,2026
Jack Perkins,6.53,103.1,34,14,2026
Brayan Bello,4.82,102.2,23,9,2026
Andrew Alvarez,3.35,102.0,23,15,2026
Zac Gallen,6.22,101.1,20,20,2026
Chad Patrick,3.2,101.1,52,6,2026
Griffin Jax,3.99,99.1,31,20,2026
Michael Soroka,3.53,99.1,19,18,2026
Max Fried,2.73,99.0,18,18,2026
Gage Jump,5.47,98.2,20,20,2026
Tanner Gordon,5.55,97.1,22,10,2026
Drew Anderson,3.8,97.0,47,9,2026
Brandon Sproat,5.57,97.0,22,19,2026
Nick Lodolo,5.12,96.2,19,19,2026
Robert Gasser,4.3,96.1,19,18,2026
Jake Irvin,5.51,96.1,20,19,2026
Mike Burrows,5.99,94.2,18,17,2026
Trey Yesavage,3.65,93.2,18,18,2026
Hunter Brown,3.52,92.0,17,17,2026
Connelly Early,3.44,91.2,17,17,2026
Clay Holmes,2.85,91.2,16,16,2026
Chris Bassitt,4.88,90.1,18,16,2026
Javier Assad,3.7,90.0,25,11,2026
AJ Blubaugh,3.3,90.0,58,0,2026
Spencer Miles,2.71,89.2,46,7,2026
Logan Henderson,2.34,88.1,16,16,2026
Grayson Rodriguez,6.1,87.0,18,18,2026
Brent Suter,3.54,86.1,51,3,2026
Jack Flaherty,4.59,86.1,19,19,2026
Jameson Taillon,5.65,86.0,18,18,2026
Jared Jones,4.1,85.2,18,18,2026
Shohei Ohtani,1.79,85.2,14,14,2026
Sean Newcomb,2.74,85.1,55,6,2026
Ryan Johnson,5.12,84.1,19,16,2026
Zach Agnos,6.0,84.0,39,3,2026
Ryne Nelson,4.97,83.1,15,15,2026
Adri\xc3\xa1n Morej\xc3\xb3n,2.87,81.2,71,0,2026
Aaron Ashby,3.21,81.1,70,1,2026
Griffin Canning,5.8,80.2,26,11,2026
Paul Blackburn,1.67,80.2,58,2,2026
Jack Leiter,5.29,80.0,15,15,2026
Patrick Corbin,5.51,80.0,19,15,2026
Lake Bachar,3.52,79.1,48,9,2026
Reynaldo L\xc3\xb3pez,4.54,79.1,26,13,2026
Ryan Gusto,4.14,78.1,21,16,2026
Yohan Ram\xc3\xadrez,3.12,78.0,60,1,2026
Brad Lord,4.06,77.2,37,5,2026
Dean Kremer,5.35,77.1,15,15,2026
Grant Taylor,2.23,76.2,56,4,2026
Edward Cabrera,5.68,76.0,15,15,2026
Gordon Graceffo,2.61,76.0,58,1,2026
Steven Matz,5.64,75.0,31,11,2026
Louis Varland,1.32,75.0,68,0,2026
Brent Headrick,1.94,74.1,76,0,2026
Trevor Richards,3.51,74.1,49,0,2026
Kai-Wei Teng,4.76,73.2,30,10,2026
Zac Thornton,3.44,73.1,13,13,2026
Justin Bruihl,3.58,73.0,68,0,2026
Braydon Fisher,3.22,72.2,72,9,2026
Tatsuya Imai,5.2,72.2,20,15,2026
Tyler Wells,2.38,72.0,57,0,2026
Daniel Lynch IV,3.52,71.2,53,7,2026
Wandy Peralta,3.28,71.1,61,5,2026
Tyler Holton,2.69,70.1,64,3,2026
Carlos Rod\xc3\xb3n,2.94,70.1,14,14,2026
Brock Burke,2.43,70.1,73,0,2026
Trevor McDonald,5.12,70.1,14,14,2026
Luinder Avila,5.53,70.0,21,12,2026
Randy Dobnak,2.73,69.1,13,11,2026
Ryan Watson,4.04,69.0,50,0,2026
Antonio Senzatela,4.3,69.0,52,0,2026
Taylor Clarke,2.49,68.2,66,1,2026
Bradgley Rodriguez,2.38,68.0,64,4,2026
Enyel De Los Santos,4.5,68.0,64,0,2026
Kevin Kelly,2.51,68.0,65,0,2026
Ben Brown,1.85,68.0,20,8,2026
Luis Medina,3.31,68.0,54,1,2026
Tyler Rogers,1.73,67.2,70,0,2026
Steven Okert,2.13,67.2,68,1,2026
Andrew Morris,4.39,67.2,58,3,2026
Max Scherzer,6.38,67.2,15,15,2026
Didier Fuentes,2.27,67.1,54,1,2026
Casey Legumina,3.93,66.1,51,6,2026
Cade Smith,2.18,66.0,62,0,2026
Simeon Woods Richardson,6.68,66.0,20,10,2026
Ryan Zeferjahn,4.09,66.0,61,0,2026
Jacob Latz,2.06,65.2,53,1,2026
Tyler Alexander,3.43,65.2,67,4,2026
Hogan Harris,3.43,65.2,69,0,2026
Noah Schultz,6.06,65.1,15,14,2026
Mason Miller,1.12,64.1,61,0,2026
David Bednar,2.66,64.1,60,0,2026
Tim Mayza,3.08,64.1,55,5,2026
Juan Mejia,5.48,64.0,60,1,2026
George Soriano,4.36,64.0,68,0,2026
Jack Kochanowicz,6.19,64.0,13,13,2026
Dylan Lee,3.09,64.0,68,0,2026
Rico Garcia,2.97,63.2,71,0,2026
Matt Festa,3.68,63.2,63,0,2026
Eduard Bazardo,3.98,63.1,69,0,2026
Calvin Faucher,3.55,63.1,64,0,2026
Jacob Webb,3.29,63.0,64,0,2026
Jeff Hoffman,3.59,62.2,67,0,2026
Bryan Hudson,2.87,62.2,64,8,2026
Kyle Hart,4.6,62.2,44,4,2026
Mason Montgomery,2.73,62.2,64,5,2026
Huascar Brazob\xc3\xa1n,3.16,62.2,56,6,2026
Kevin Ginkel,4.16,62.2,68,0,2026
Luis Severino,4.16,62.2,12,12,2026
Gregory Soto,3.32,62.1,63,0,2026
Yoendrys G\xc3\xb3mez,3.92,62.0,59,0,2026
Jovani Mor\xc3\xa1n,3.34,62.0,47,3,2026
Tyler Glasnow,3.5,61.2,11,11,2026
Jos\xc3\xa9 Suarez,5.87,61.1,45,2,2026
Jonathan Loaisiga,2.36,61.0,63,0,2026
Riley O\'Brien,4.13,61.0,63,0,2026
Kyle Finnegan,4.18,60.1,62,0,2026
JT Brubaker,3.58,60.1,41,1,2026
Michael Petersen,3.13,60.1,60,0,2026
Ryne Stanek,4.2,60.0,67,0,2026
Edgardo Henriquez,2.85,60.0,61,1,2026
Jose A. Ferrer,3.75,60.0,67,0,2026
Ryan Rolison,2.72,59.2,55,2,2026
Brennan Bernardino,2.88,59.1,69,2,2026
Juan Morillo,2.28,59.1,64,0,2026
Gabriel Hughes,6.37,59.1,13,12,2026
Grant Anderson,3.36,59.0,52,0,2026
Albert Su\xc3\xa1rez,4.12,59.0,27,0,2026
Yuki Matsui,1.98,59.0,48,0,2026
Kodai Senga,7.02,59.0,28,8,2026
Mason Fluharty,3.36,59.0,78,4,2026
Tanner Scott,2.91,58.2,64,0,2026
Bryan Abreu,3.86,58.1,61,0,2026
Bryan Baker,1.54,58.1,61,0,2026
Jack Dreyer,2.93,58.1,62,1,2026
JR Ritchie,4.5,58.0,14,8,2026
Ron Marinaccio,6.09,57.2,41,0,2026
Chris Paddack,6.79,57.0,14,9,2026
Ryan Yarbrough,3.81,56.2,34,1,2026
Tommy Nance,4.13,56.2,54,0,2026
Alex Lange,6.04,56.2,55,0,2026
Seranthony Dom\xc3\xadnguez,3.97,56.2,62,0,2026
Tim Hill,4.79,56.1,64,0,2026
Luke Weaver,2.56,56.1,55,0,2026
John Schreiber,3.2,56.1,61,0,2026
Sam Moll,4.79,56.1,65,0,2026
Orion Kerkering,4.02,56.0,60,0,2026
Greg Weissert,3.54,56.0,60,0,2026
Bryan King,5.01,55.2,55,1,2026
Camilo Doval,4.2,55.2,61,0,2026
Steven Cruz,4.04,55.2,53,2,2026
Cristian Javier,5.5,55.2,15,10,2026
Shane Bieber,4.37,55.2,11,11,2026
Trevor Megill,2.59,55.2,57,0,2026
Anthony Nunez,4.07,55.1,47,0,2026
Raisel Iglesias,2.78,55.0,54,0,2026
Chase Silseth,3.44,55.0,66,0,2026
Jonathan Bowlan,3.27,55.0,57,0,2026
Peyton Gray,3.93,55.0,48,0,2026
Patrick Sandoval,4.58,55.0,11,11,2026
Andr\xc3\xa9s Mu\xc3\xb1oz,4.25,55.0,58,0,2026
Fernando Cruz,3.13,54.2,61,0,2026
Jos\xc3\xa9 Alvarado,5.3,54.1,62,0,2026
Jhoan Duran,1.82,54.1,56,0,2026
Abner Uribe,2.15,54.1,56,0,2026
Hunter Dobbins,3.67,54.0,11,8,2026
Stephen Kolek,4.5,54.0,10,10,2026
Hunter Gaddis,2.68,53.2,61,0,2026
Taylor Rogers,4.86,53.2,60,0,2026
Alex Vesia,2.87,53.1,67,0,2026
DL Hall,2.04,53.0,42,1,2026
Germ\xc3\xa1n M\xc3\xa1rquez,5.26,53.0,13,10,2026
Yusei Kikuchi,4.75,53.0,11,11,2026
Colin Holderman,2.73,52.2,54,0,2026
Victor Vodnik,5.5,52.1,48,0,2026
Tim Herrin,3.1,52.1,62,0,2026
Dennis Santana,5.05,51.2,54,0,2026
Brooks Raley,2.96,51.2,59,0,2026
Tyler Kinley,3.66,51.2,59,0,2026
Travis Adams,5.26,51.1,36,0,2026
Jos\xc3\xa9 Fermin,3.18,51.0,49,0,2026
Aroldis Chapman,1.95,50.2,52,0,2026
Kris Bubic,4.11,50.1,9,9,2026
Jakob Junis,3.4,50.1,48,1,2026
Mitch Farris,4.11,50.1,28,0,2026
Cole Sulser,4.65,50.1,45,2,2026
Paul Sewald,5.04,50.0,58,0,2026
JoJo Romero,3.6,50.0,50,0,2026
Elvis Alvarado,3.96,50.0,50,0,2026
John King,3.99,49.2,50,1,2026
Garrett Whitlock,1.81,49.2,51,0,2026
Tejay Antone,3.44,49.2,52,0,2026
Tobias Myers,5.8,49.2,29,3,2026
Chase Shugart,4.25,48.2,41,0,2026
Hayden Wesneski,3.7,48.2,9,9,2026
Kody Funderburk,3.88,48.2,53,0,2026
Trent Thornton,3.35,48.1,48,0,2026
Grant Wolfram,4.66,48.1,56,0,2026
Cole Winn,5.63,48.0,51,1,2026
Jimmy Herget,6.0,48.0,48,3,2026
Clayton Beeter,4.5,48.0,50,0,2026
Caleb Kilian,4.91,47.2,49,0,2026
Erik Miller,2.28,47.1,53,1,2026
Caleb Thielbar,4.82,46.2,55,0,2026
Blade Tidwell,4.82,46.2,15,7,2026
Yennier Cano,3.13,46.0,64,0,2026
Andrew Kittredge,3.74,45.2,52,0,2026
Sam Bachman,4.14,45.2,41,0,2026
Cade Gibson,5.32,45.2,41,1,2026
Dylan Dodd,2.38,45.1,44,0,2026
Brandon Woodruff,2.98,45.1,9,9,2026
Craig Kimbrel,4.6,45.0,45,0,2026
Jesse Scholtens,4.03,44.2,11,2,2026
Brandyn Garcia,2.03,44.1,52,0,2026
Austin Warren,4.47,44.1,36,2,2026
Jordan Hicks,4.26,44.1,48,2,2026
Chase Dollander,3.89,44.0,10,3,2026
Julian Garcia,3.07,44.0,31,0,2026
Mitch Bratt,4.7,44.0,10,10,2026
Lance McCullers Jr.,6.55,44.0,10,8,2026
Kyle Hurt,4.33,43.2,43,1,2026
Pierce Johnson,4.74,43.2,51,0,2026
Erik Sabrowski,2.89,43.2,55,0,2026
Matt Svanson,7.27,43.1,41,1,2026
Lucas Erceg,6.23,43.1,47,0,2026
Keaton Winn,3.35,43.0,44,0,2026
Orlando Ribalta,3.77,43.0,45,0,2026
Justin Sterner,6.12,42.2,46,0,2026
Evan Sisk,3.16,42.2,39,0,2026
Matt Waldron,6.54,42.2,17,4,2026
Enmanuel De Jesus,3.83,42.1,30,0,2026
Nate Pearson,2.36,42.0,37,0,2026
Kenley Jansen,3.43,42.0,47,0,2026
Gabe Speier,3.02,41.2,49,0,2026
Brandon Williamson,5.62,41.2,9,7,2026
Will Klein,3.67,41.2,36,3,2026
Cionel P\xc3\xa9rez,4.97,41.2,36,2,2026
Pete Fairbanks,6.31,41.1,46,1,2026
Josh Hader,0.87,41.1,42,0,2026
Eric Orze,5.66,41.1,36,0,2026
Garrett Cleavinger,4.79,41.1,51,0,2026
Jose Quintana,5.27,41.0,9,9,2026
Will Dion,4.17,41.0,22,1,2026
Mason Barnett,7.08,40.2,18,4,2026
Joel Kuhnel,4.65,40.2,40,0,2026
Ryan Thompson,4.43,40.2,46,0,2026
A.J. Minter,2.68,40.1,42,0,2026
Alex Hoppe,4.54,39.2,39,0,2026
Kirby Yates,3.4,39.2,44,0,2026
Tony Santillan,6.58,39.2,43,0,2026
Mitchell Parker,6.58,39.2,22,0,2026
Michael Rucker,6.18,39.1,34,0,2026
Spencer Strider,5.31,39.0,8,8,2026
Ty Madden,3.46,39.0,17,1,2026
Hoby Milner,3.92,39.0,42,0,2026
Tyron Guerrero,3.26,38.2,38,0,2026
Jacob Waguespack,2.79,38.2,30,1,2026
Jake Bird,5.35,38.2,44,0,2026
Isaac Mattson,5.35,38.2,38,0,2026
Emilio Pag\xc3\xa1n,3.72,38.2,40,0,2026
Devin Williams,4.66,38.2,42,0,2026
Brandon Eisert,5.63,38.1,35,4,2026
Blake Snell,1.91,37.2,7,7,2026
Tyler Schweitzer,3.13,37.1,18,0,2026
Craig Yoho,3.86,37.1,31,0,2026
Quinn Mathews,3.62,37.1,7,7,2026
Brady Basso,3.86,37.1,23,5,2026
Tyler Zuber,5.15,36.2,41,0,2026
PJ Poulin,2.7,36.2,35,11,2026
Robby Ahlstrom,5.94,36.1,41,0,2026
Mason Englert,4.54,35.2,14,3,2026
Cooper Criswell,3.53,35.2,32,0,2026
Jaden Hill,5.8,35.2,42,0,2026
Cam Booser,2.27,35.2,36,0,2026
Matt Strahm,7.32,35.2,41,0,2026
Cole Ragans,4.84,35.1,8,8,2026
Drew Sommers,3.6,35.0,39,0,2026
Jackson Jobe,3.89,34.2,7,7,2026
Wilber Dotel,4.93,34.2,18,1,2026
Carson Whisenhunt,6.49,34.2,8,8,2026
Mike Paredes,4.72,34.1,9,5,2026
Dylan Smith,3.15,34.1,36,0,2026
Bryse Wilson,3.67,34.1,15,0,2026
Anthony Banda,4.46,34.1,39,0,2026
Anthony Bender,2.62,34.1,35,0,2026
Justin Lawrence,7.34,34.1,37,0,2026
Cody Bradford,4.72,34.1,7,7,2026
Mark Leiter Jr.,4.28,33.2,36,0,2026
Sam Aldegheri,5.08,33.2,9,6,2026
Scott Barlow,6.48,33.1,36,0,2026
Cade Povich,4.05,33.1,7,6,2026
Trey Gibson,7.36,33.0,8,7,2026
Caleb Ferguson,5.18,33.0,35,1,2026
Chris Roycroft,6.55,33.0,23,0,2026
Shawn Armstrong,4.91,33.0,38,0,2026
Sam Hentges,3.27,33.0,40,0,2026
JP Sears,4.68,32.2,8,6,2026
Ryan Walker,7.16,32.2,33,0,2026
Paxton Schultz,6.4,32.1,27,1,2026
Jason Adam,2.51,32.1,36,0,2026
Chris Murphy,3.94,32.0,31,2,2026
Robert Suarez,0.56,32.0,31,0,2026
Luis Gastelum,4.5,32.0,29,0,2026
Ronel Blanco,7.11,31.2,7,5,2026
Samy Natera,3.13,31.2,28,0,2026
Gus Varland,6.82,31.2,33,0,2026
Chase Petty,4.83,31.2,16,3,2026
Brad Keller,4.02,31.1,32,0,2026
Mason Black,4.31,31.1,17,0,2026
Justin Slaten,4.6,31.1,36,0,2026
Tanner Banks,7.26,31.0,29,1,2026
Jeremiah Estrada,3.48,31.0,33,0,2026
Tyler Davis,3.52,30.2,29,0,2026
Richard Lovelady,3.86,30.1,33,5,2026
Robert Stock,5.93,30.1,8,7,2026
Victor Mederos,3.86,30.1,26,0,2026
David Sandlin,5.64,30.1,6,4,2026
Garrett Crochet,6.3,30.0,6,6,2026
Scott Blewett,2.7,30.0,20,0,2026
Luis Mey,6.37,29.2,24,0,2026
Lucas Giolito,5.16,29.2,7,5,2026
Kendry Rojas,3.34,29.2,12,4,2026
Jordan Romano,5.16,29.2,34,0,2026
Graham Ashcraft,4.91,29.1,29,0,2026
Drew Pomeranz,5.59,29.0,31,0,2026
Jonathan Pintaro,4.03,29.0,19,0,2026
Jos\xc3\xa9 Urquidy,5.28,29.0,11,1,2026
Adam Macko,5.65,28.2,29,1,2026
Daniel Duarte,2.2,28.2,23,0,2026
Brant Hurter,2.86,28.1,24,0,2026
Alec Gamboa,1.29,28.0,17,2,2026
Phil Maton,6.18,27.2,31,0,2026
Riley Cornelio,4.88,27.2,14,2,2026
Hunter Greene,6.83,27.2,5,5,2026
Connor Phillips,5.53,27.2,25,0,2026
Jackson Kent,6.59,27.1,6,6,2026
Blas Castano,3.62,27.1,15,0,2026
Cam Sanders,4.94,27.1,26,0,2026
Matt Gage,5.6,27.1,34,0,2026
Nick Davila,4.94,27.1,24,0,2026
Jose Cabrera,4.33,27.0,7,5,2026
George Klassen,3.67,27.0,6,6,2026
Cole Wilcox,4.0,27.0,23,0,2026
Josh Walker,1.69,26.2,26,0,2026
Will Vest,6.08,26.2,27,0,2026
Elmer Rodr\xc3\xadguez,5.4,26.2,6,6,2026
David Morgan,4.44,26.1,26,0,2026
Jake Woodford,7.18,26.1,18,0,2026
Seth Halvorsen,5.54,26.0,29,0,2026
Carson Seymour,5.19,26.0,19,0,2026
Jalen Beeks,3.81,26.0,29,0,2026
Blake Treinen,3.46,26.0,32,0,2026
Alan Rangel,5.88,26.0,7,3,2026
AJ Smith-Shawver,6.92,26.0,6,5,2026
Ryan Weiss,7.62,26.0,9,2,2026
Ethan Roberts,4.21,25.2,23,0,2026
Keegan Akin,5.68,25.1,24,2,2026
Kade Anderson,5.33,25.1,5,5,2026
Jonathan Hern\xc3\xa1ndez,5.68,25.1,16,0,2026
Nick Pivetta,3.6,25.0,6,6,2026
Bennett Sousa,5.4,25.0,29,1,2026
Daniel Palencia,4.32,25.0,28,0,2026
Seth Johnson,6.84,25.0,23,0,2026
Joe Mantiply,2.52,25.0,23,0,2026
Brendon Little,6.93,24.2,26,0,2026
Dax Fulton,2.96,24.1,13,0,2026
Connor Seabold,5.25,24.0,21,0,2026
Ryan Borucki,4.94,23.2,21,0,2026
Josh Ekness,4.18,23.2,24,0,2026
Luis Gil,5.4,23.1,6,4,2026
Beck Way,3.86,23.1,19,1,2026
Ethan Pecko,4.3,23.0,5,4,2026
Ryan Fernandez,3.52,23.0,17,0,2026
Gavin Collyer,5.09,23.0,23,0,2026
Taijuan Walker,9.13,22.2,5,4,2026
Andrew Nardi,5.16,22.2,25,0,2026
Brock Stewart,2.78,22.2,24,0,2026
Trevor Williams,3.22,22.1,12,1,2026
Franco Aleman,4.43,22.1,21,0,2026
Sean Sullivan,8.87,22.1,5,5,2026
Anthony Molina,5.24,22.1,7,3,2026
Hagen Smith,0.41,22.0,13,1,2026
Danny Coulombe,4.5,22.0,29,0,2026
Justin Topa,6.95,22.0,25,0,2026
Evan Phillips,3.68,22.0,27,0,2026
Geoff Hartlieb,4.15,21.2,13,0,2026
Brenan Hanifee,5.06,21.1,23,2,2026
Reiver Sanmartin,4.29,21.0,23,0,2026
Jonah Tong,3.43,21.0,5,2,2026
Peyton Pallette,5.23,20.2,16,0,2026
Kohl Drake,6.53,20.2,5,5,2026
Mick Abel,3.98,20.1,4,3,2026
Jason Foley,3.98,20.1,19,0,2026
Tyler Samaniego,2.66,20.1,20,1,2026
Jose Franco,4.43,20.1,10,0,2026
Yerry de los Santos,1.35,20.0,15,0,2026
Shaun Anderson,7.65,20.0,12,0,2026
Kyle Backhus,4.95,20.0,21,1,2026
Cody Bolton,5.4,20.0,8,3,2026
Matt Wilkinson,4.58,19.2,6,4,2026
Drey Jameson,5.12,19.1,12,0,2026
Eli Morgan,5.12,19.1,16,0,2026
Hunter Bigge,6.98,19.1,18,0,2026
Nick Mears,5.12,19.1,21,0,2026
Joe Boyle,5.21,19.0,4,3,2026
Osvaldo Bido,6.27,18.2,11,0,2026
Mason Adams,3.38,18.2,4,4,2026
Coleman Crow,5.3,18.2,5,4,2026
Jordan Leasure,6.27,18.2,18,1,2026
Tyler Ferguson,5.3,18.2,18,0,2026
Xzavion Curry,3.44,18.1,8,0,2026
Beau Brieske,4.91,18.1,14,0,2026
Jason Alexander,9.33,18.1,4,2,2026
Max Kranick,9.33,18.1,17,0,2026
Jose Cuas,2.5,18.0,19,0,2026
Trent Harris,2.5,18.0,16,0,2026
Hunter Barco,7.64,17.2,7,0,2026
Tayler Saucedo,3.06,17.2,22,0,2026
Kade Morris,10.9,17.1,6,2,2026
Connor Thomas,9.35,17.1,13,0,2026
Philip Abner,5.19,17.1,10,0,2026
Gerardo Carrillo,4.15,17.1,13,0,2026
Burch Smith,3.18,17.0,13,1,2026
Jordan Montgomery,5.29,17.0,8,0,2026
Andrew Sears,5.4,16.2,4,2,2026
Matt Brash,0.54,16.2,19,0,2026
Logan Allen,5.94,16.2,7,2,2026
Cody Laweryson,4.86,16.2,15,0,2026
Angel Chivilli,3.78,16.2,15,0,2026
Aaron Bummer,10.26,16.2,21,0,2026
Carlos Carrasco,5.94,16.2,8,0,2026
Raymond Burgos,5.51,16.1,6,0,2026
Tom Cosgrove,7.71,16.1,18,0,2026
Zak Kent,5.51,16.1,11,0,2026
Jayden Murray,9.37,16.1,10,0,2026
Carson Palmquist,7.71,16.1,11,6,2026
Ben Peoples,2.76,16.1,16,0,2026
Zack Kelly,3.31,16.1,17,0,2026
Hayden Juenger,9.0,16.0,15,0,2026
Connor Brogdon,5.06,16.0,16,0,2026
Luke Murphy,6.19,16.0,16,0,2026
Dietrich Enns,3.94,16.0,13,0,2026
Luis Morales,13.5,16.0,5,2,2026
Brandan Bidois,6.32,15.2,15,0,2026
Ryan Helsley,4.11,15.1,17,0,2026
Alimber Santa,1.17,15.1,10,0,2026
Nate Lavender,1.76,15.1,16,0,2026
Nick Frasso,6.6,15.0,15,0,2026
Luis Garcia,9.0,15.0,15,0,2026
Cesar Perdomo,3.68,14.2,3,2,2026
Yunior Marte,2.45,14.2,3,1,2026
Dedniel N\xc3\xba\xc3\xb1ez,4.3,14.2,14,0,2026
Alex McFarlane,2.45,14.2,15,0,2026
Trevor Martin,4.4,14.1,7,0,2026
Ray Kerr,1.26,14.1,7,0,2026
Gavin Hollowell,2.51,14.1,14,0,2026
Peter Strzelecki,5.79,14.0,8,0,2026
Tristan Beck,7.07,14.0,11,0,2026
Khristian Curtis,5.14,14.0,4,0,2026
Chris Martin,9.0,14.0,16,0,2026
Blake Weiman,2.57,14.0,13,0,2026
Brett Kerry,3.95,13.2,3,0,2026
Edwin D\xc3\xadaz,11.85,13.2,16,0,2026
Cole Henry,7.9,13.2,11,0,2026
Ben Joyce,3.38,13.1,14,0,2026
Wyatt Olds,1.38,13.0,10,0,2026
Zach Maxwell,8.31,13.0,12,0,2026
Bailey Falter,10.38,13.0,7,2,2026
Lazaro Estrada,5.54,13.0,8,0,2026
Charlie Barnes,6.92,13.0,5,0,2026
Sammy Peralta,7.11,12.2,11,1,2026
Carlos Vargas,4.26,12.2,10,0,2026
Jefry Yan,5.68,12.2,13,0,2026
Angel Zerpa,6.39,12.2,12,0,2026
Jack Anderson,2.19,12.1,7,0,2026
Danny Young,8.03,12.1,16,1,2026
Daniel Espino,2.92,12.1,11,1,2026
Mark Manfredi,3.65,12.1,11,0,2026
William Kempner,2.92,12.1,9,0,2026
Keegan Thompson,8.25,12.0,5,0,2026
Cole Sands,8.25,12.0,13,0,2026
Robert Garcia,2.25,12.0,13,0,2026
Andrew Hoffmann,7.71,11.2,8,0,2026
Joe Ross,9.26,11.2,8,0,2026
Easton McGee,7.15,11.1,9,0,2026
Drew Rom,6.35,11.1,12,0,2026
Joel Peguero,2.38,11.1,11,0,2026
Antwone Kelly,6.35,11.1,5,0,2026
Eddy Yean,2.45,11.0,8,1,2026
Garrett Stallings,0.0,11.0,5,0,2026
Elieser Hern\xc3\xa1ndez,2.45,11.0,4,0,2026
Garrett Acton,5.73,11.0,7,0,2026
Valente Bellozo,7.59,10.2,3,0,2026
Jack Ralston,4.22,10.2,11,0,2026
Hurston Waldrep,8.44,10.2,3,2,2026
Michael Fulmer,1.69,10.2,11,0,2026
Yovanny Cruz,5.23,10.1,11,0,2026
Joe Rock,3.48,10.1,4,0,2026
Jordan Wicks,10.45,10.1,4,2,2026
Erik Tolman,2.61,10.1,9,0,2026
Chad Dallas,6.1,10.1,4,0,2026
Luis Curvelo,9.58,10.1,9,0,2026
Eduardo Rivera,6.3,10.0,4,3,2026
Austin Voth,9.9,10.0,3,0,2026
Lucas Sims,4.5,10.0,9,0,2026
Nolan Hoffman,4.5,10.0,8,0,2026
James Karinchak,1.86,9.2,9,0,2026
Codi Heuer,4.66,9.2,8,0,2026
Carlos Cortes,10.61,9.1,9,0,2026
Carlos Rodriguez,3.86,9.1,4,0,2026
Yariel Rodr\xc3\xadguez,7.71,9.1,10,0,2026
Ken Waldichuk,6.75,9.1,5,0,2026
Andre Granillo,9.64,9.1,8,0,2026
Colton Gordon,11.57,9.1,4,1,2026
Mitch Spence,21.21,9.1,3,1,2026
Yaramil Hiraldo,8.68,9.1,8,0,2026
Jose Trevino,15.0,9.0,7,0,2026
Derek Law,1.0,9.0,7,1,2026
Tommy Kahnle,8.0,9.0,8,0,2026
Cameron Foster,9.0,9.0,6,0,2026
Jared Shuster,9.0,9.0,5,0,2026
Jhony Brito,3.0,9.0,5,0,2026
Brycen Mautz,9.0,9.0,4,1,2026
Max Rajcic,5.0,9.0,6,0,2026
Justin Martinez,0.0,8.2,9,0,2026
Zach McCambley,4.15,8.2,8,0,2026
Yunior Tur,19.73,8.2,6,0,2026
Nick Sandlin,11.42,8.2,8,0,2026
Christian Roa,5.19,8.2,7,0,2026
Kolby Allard,10.38,8.2,4,0,2026
Riley Martin,2.16,8.1,8,1,2026
Matt Krook,10.8,8.1,11,0,2026
Shane Smith,10.8,8.1,3,3,2026
Joey Gerber,4.32,8.1,7,0,2026
Chase Lee,7.88,8.0,7,0,2026
Max Lazar,5.63,8.0,6,0,2026
Miguel Ullola,3.38,8.0,6,1,2026
Anthony Gose,0.0,7.2,8,0,2026
Paul Gervase,2.35,7.2,4,0,2026
Domingo Gonz\xc3\xa1lez,4.7,7.2,5,0,2026
Chris Devenski,11.74,7.2,9,0,2026
Brett Sullivan,4.7,7.2,7,0,2026
Joel Payamps,8.22,7.2,12,0,2026
Landon Knack,5.87,7.2,3,0,2026
Chayce McDermott,5.87,7.2,5,0,2026
Corbin Burnes,5.87,7.2,2,2,2026
Brendan Beck,8.22,7.2,3,1,2026
TJ Shook,8.22,7.2,5,0,2026
Alek Manoah,9.82,7.1,3,0,2026
Zach Pop,3.68,7.1,7,1,2026
Jack Weisenburger,2.45,7.1,4,0,2026
Kyle Nicolas,8.59,7.1,7,0,2026
Josh Simpson,9.82,7.1,8,0,2026
Joey Estes,11.05,7.1,2,1,2026
Cade Horton,2.45,7.1,2,2,2026
Luis Perales,11.57,7.0,4,0,2026
Michael Grove,5.14,7.0,3,0,2026
Jared Koenig,9.0,7.0,9,0,2026
Matt Pushard,5.14,7.0,6,0,2026
Tanner Rainey,3.86,7.0,6,0,2026
Parker Mushinski,2.7,6.2,8,0,2026
Brian Fitzpatrick,1.35,6.2,5,0,2026
CJ Van Eyk,4.05,6.2,4,0,2026
Owen Murphy,4.05,6.2,3,1,2026
Cade Winquest,6.75,6.2,6,0,2026
Jedixson Paez,18.9,6.2,4,1,2026
J.P. France,8.1,6.2,3,0,2026
Marco Gonzales,1.35,6.2,3,0,2026
Wyatt Mills,5.68,6.1,6,0,2026
Ricky Vanasco,15.63,6.1,5,0,2026
Kervin Castro,1.42,6.1,5,0,2026
Logan VanWey,1.5,6.0,5,0,2026
Bradley Blalock,3.0,6.0,2,0,2026
Cole Irvin,9.0,6.0,1,0,2026
Tyler Gilbert,12.0,6.0,5,1,2026
Brandon Leibrandt,7.5,6.0,1,0,2026
Carl Edwards Jr.,1.5,6.0,2,0,2026
Lou Trivino,15.0,6.0,5,0,2026
Marco Raya,3.0,6.0,3,0,2026
Yilber D\xc3\xadaz,16.5,6.0,5,0,2026
Ricky Tiedemann,1.5,6.0,5,0,2026
Taylor Rashi,7.94,5.2,4,0,2026
Carter Baumler,3.18,5.2,4,0,2026
Bradley Hanner,11.81,5.1,4,0,2026
Jack Sinclair,1.69,5.1,5,0,2026
Tyler Heineman,10.13,5.1,5,0,2026
Eric Cerantola,10.13,5.1,4,0,2026
Luis De Le\xc3\xb3n,3.38,5.1,5,0,2026
Spencer Bivens,14.4,5.0,4,0,2026
Alek Jacob,5.4,5.0,3,0,2026
Ben Williamson,3.6,5.0,5,0,2026
Michael Kelly,16.2,5.0,5,0,2026
Corbin Martin,10.8,5.0,7,0,2026
Kent Emanuel,3.6,5.0,1,1,2026
Robby Snelling,5.4,5.0,1,1,2026
Gregory Santos,3.6,5.0,3,0,2026
Bruce Zimmermann,5.4,5.0,1,0,2026
Cooper Hjerpe,7.2,5.0,2,0,2026
Manuel Rodr\xc3\xadguez,3.86,4.2,4,0,2026
Ben Casparius,9.64,4.2,5,0,2026
Garrett Stubbs,9.64,4.2,5,0,2026
Ian Hamilton,7.71,4.2,4,0,2026
Javier Sanoja,13.5,4.2,5,0,2026
Tyler Tolbert,25.07,4.2,5,0,2026
Austin Hedges,6.23,4.1,4,0,2026
Jose Corniell,20.77,4.1,2,0,2026
John Klein,4.15,4.1,3,0,2026
Juan Burgos,2.08,4.1,4,0,2026
John Brebbia,10.38,4.1,3,0,2026
Braxton Garrett,14.54,4.1,2,2,2026
Hunter Harvey,6.75,4.0,4,0,2026
Justin Hagenman,4.5,4.0,2,1,2026
Jeff Criswell,4.5,4.0,3,0,2026
Jake Eder,2.25,4.0,4,0,2026
Jorbit Vivas,13.5,4.0,4,0,2026
James McCann,11.25,4.0,4,0,2026
Myles Straw,4.5,4.0,4,0,2026
Patrick Monteverde,9.0,4.0,1,0,2026
Roddery Mu\xc3\xb1oz,15.75,4.0,3,0,2026
Jonathan Heasley,11.25,4.0,1,0,2026
Jared Simpson,6.75,4.0,3,0,2026
Julian Fern\xc3\xa1ndez,2.25,4.0,3,0,2026
Woo-Suk Go,9.0,4.0,4,0,2026
Miguel Rojas,13.5,4.0,4,0,2026
Ildemaro Vargas,4.91,3.2,3,0,2026
Alex Cook,7.36,3.2,2,0,2026
Zach Eflin,2.45,3.2,1,1,2026
Justin Verlander,12.27,3.2,1,1,2026
Johan Oviedo,9.82,3.2,1,0,2026
Andrew Wantz,14.73,3.2,2,0,2026
Nick Raquet,7.36,3.2,4,0,2026
Lyon Richardson,13.5,3.1,3,1,2026
Joey Lucchesi,13.5,3.1,5,0,2026
Noah Murdock,0.0,3.1,3,0,2026
Hunter Stratton,5.4,3.1,3,0,2026
Weston Wilson,18.9,3.1,4,0,2026
Vince Velasquez,0.0,3.1,2,0,2026
Carlos Hern\xc3\xa1ndez,6.0,3.0,2,0,2026
Rodolfo Dur\xc3\xa1n,27.0,3.0,2,0,2026
Bobby Miller,3.0,3.0,1,0,2026
Blake Walston,3.0,3.0,2,0,2026
Carson Kelly,6.0,3.0,3,0,2026
Kyle Higashioka,21.0,3.0,3,0,2026
Josh Fleming,12.0,3.0,1,0,2026
Thomas Pannone,6.0,3.0,1,1,2026
Tanner Andrews,0.0,3.0,2,0,2026
Eiberson Castellano,0.0,3.0,1,0,2026
Zach Brzykcy,3.0,3.0,2,0,2026
Ty Blach,0.0,3.0,1,0,2026
Brian Keller,3.0,3.0,1,0,2026
Jonathan Cannon,9.0,3.0,2,0,2026
Chase Solesky,6.0,3.0,1,0,2026
Tyler Callihan,0.0,3.0,4,0,2026
Andrew Vaughn,30.0,3.0,2,0,2026
Tyler Uberstine,3.38,2.2,1,0,2026
Kade Strowd,3.38,2.2,2,0,2026
Brooks Kriske,0.0,2.2,2,0,2026
Luis Torrens,7.71,2.1,2,0,2026
Luisangel Acu\xc3\xb1a,3.86,2.1,3,0,2026
Cody Ponce,3.86,2.1,1,1,2026
Jorge Mateo,3.86,2.1,3,0,2026
Jake Rogers,0.0,2.1,3,0,2026
Welinton Herrera,0.0,2.1,3,0,2026
Ty Johnson,3.86,2.1,3,0,2026
Joey Wiemer,22.5,2.0,2,0,2026
Braxton Roxby,9.0,2.0,2,0,2026
Matt Seelinger,31.5,2.0,1,0,2026
Winston Santos,9.0,2.0,1,0,2026
Jos\xc3\xa9 Butt\xc3\xb3,22.5,2.0,3,0,2026
Adam Frazier,18.0,2.0,3,0,2026
Zach McKinstry,18.0,2.0,2,0,2026
Gary S\xc3\xa1nchez,0.0,2.0,2,0,2026
Wilkin Ramos,22.5,2.0,2,0,2026
Pedro Pag\xc3\xa9s,4.5,2.0,2,0,2026
Doug Nikhazy,4.5,2.0,1,0,2026
Austin Peterson,0.0,2.0,1,0,2026
Rolddy Mu\xc3\xb1oz,13.5,2.0,1,0,2026
Bryan Torres,0.0,2.0,1,0,2026
Troy Johnston,0.0,2.0,2,0,2026
Duncan Davitt,4.5,2.0,2,0,2026
Christian Koss,13.5,2.0,2,0,2026
Alex Jackson,13.5,2.0,2,0,2026
Seth Lonsway,9.0,2.0,1,0,2026
Emiliano Teodo,10.8,1.2,1,0,2026
Yacksel R\xc3\xados,0.0,1.2,1,0,2026
Dylan Moore,5.4,1.2,2,0,2026
Adrian Del Castillo,5.4,1.2,1,0,2026
Hancel Rinc\xc3\xb3n,47.25,1.1,2,0,2026
Jackson Rutledge,47.25,1.1,1,0,2026
Carlos Duran,13.5,1.1,2,0,2026
Jhonathan D\xc3\xadaz,6.75,1.1,1,0,2026
Antoine Kelly,0.0,1.1,1,0,2026
Jos\xc3\xa9 Tena,9.0,1.0,1,0,2026
Orlando Arcia,9.0,1.0,1,0,2026
Luke Maile,0.0,1.0,1,0,2026
C\xc3\xa9sar Salazar,9.0,1.0,1,0,2026
Zack Short,0.0,1.0,1,0,2026
V\xc3\xadctor Robles,27.0,1.0,1,0,2026
Leo Rivas,63.0,1.0,1,0,2026
Josh Rojas,0.0,1.0,1,0,2026
Cameron Weston,0.0,1.0,1,0,2026
Blake Adams,45.0,1.0,1,0,2026
Kevin Herget,0.0,1.0,1,0,2026
Rafael Flores,0.0,1.0,1,0,2026
Chadwick Tromp,18.0,1.0,1,0,2026
Jake Meyers,0.0,1.0,1,0,2026
Seth Martinez,9.0,1.0,1,0,2026
Luke Little,9.0,1.0,1,0,2026
Reese McGuire,0.0,1.0,1,0,2026
Dylan Ross,0.0,1.0,1,0,2026
Max Schuemann,0.0,1.0,1,0,2026
P.J. Higgins,0.0,1.0,1,0,2026
Enrique Hern\xc3\xa1ndez,0.0,1.0,1,0,2026
Nolan Kingham,9.0,1.0,1,0,2026
Nicky Lopez,9.0,1.0,1,0,2026
Buddy Kennedy,36.0,1.0,1,0,2026
Guillo Zu\xc3\xb1iga,0.0,1.0,1,0,2026
LaMonte Wade Jr.,18.0,1.0,1,0,2026
Ben Bowden,36.0,1.0,1,0,2026
Jose Espada,0.0,1.0,1,0,2026
Sam Haggerty,0.0,1.0,1,0,2026
Brody Hopkins,18.0,1.0,1,0,2026
Blake Burkhalter,9.0,1.0,1,0,2026
Andruw Monasterio,67.5,0.2,1,0,2026
Josh White,67.5,0.2,1,0,2026
Jhonny Pereda,54.0,0.1,1,0,2026
Tanner McDougal,27.0,0.1,1,0,2026
Grant Holman,0.0,0.1,1,0,2026
Joe La Sorsa,27.0,0.1,1,0,2026
Aaron Brooks,81.0,0.1,1,0,2026
Carlos Est\xc3\xa9vez,162.0,0.1,1,0,2026
